<?xml version="1.0" encoding="UTF-8"?>
<!DOCTYPE workflow PUBLIC "-//OpenSymphony Group//DTD OSWorkflow 2.6//EN" "http://www.opensymphony.com/osworkflow/workflow_2_6.dtd">
<workflow>
  <initial-actions>
    <action id="100" name="Start Workflow">
      <pre-functions>
        <function type="class">
          <arg name="class.name">com.opensymphony.workflow.util.Caller</arg>
        </function>
      </pre-functions>
      <results>
        <unconditional-result old-status="Finished" status="Underway" step="1" owner="${caller}"/>
      </results>
    </action>
  </initial-actions>
  <steps>
    <step id="1" name="First Step">
      <actions>
        <action id="1" name="The first action">
          <restrict-to>
            <conditions type="AND">
              <condition type="class">
                <arg name="status">Underway</arg>
                <arg name="class.name">com.opensymphony.workflow.util.StatusCondition</arg>
              </condition>
            </conditions>
          </restrict-to>
          <results>
            <unconditional-result old-status="Finished" status="Queued" step="2"/>
          </results>
        </action>
        <action id="2" name="The second action" auto="true">
          <restrict-to>
            <conditions type="AND">
              <condition type="class">
                <arg name="status">Underway</arg>
                <arg name="class.name">com.opensymphony.workflow.util.StatusCondition</arg>
              </condition>
            </conditions>
          </restrict-to>
          <results>
            <unconditional-result old-status="Finished" status="Queued" step="2"/>
          </results>
        </action>
      </actions>
    </step>
    <step id="2" name="First Step">
      <actions>
        <action id="3" name="The third action">
          <restrict-to>
            <conditions type="AND">
              <condition type="class">
                <arg name="status">Queued</arg>
                <arg name="class.name">com.opensymphony.workflow.util.StatusCondition</arg>
              </condition>
            </conditions>
          </restrict-to>
          <results>
            <unconditional-result old-status="Finished" status="Finished" step="2"/>
          </results>
        </action>
      </actions>
    </step>
  </steps>
</workflow>

