<?xml version="1.0" encoding="UTF-8"?>
<!DOCTYPE workflow PUBLIC "-//OpenSymphony Group//DTD OSWorkflow 2.6//EN" "http://www.opensymphony.com/osworkflow/workflow_2_6.dtd">
<workflow>
  <initial-actions>
    <action id="1" name="Start Workflow">
      <pre-functions>
        <function type="class">
          <arg name="class.name">com.opensymphony.workflow.util.Caller</arg>
        </function>
        <function type="beanshell">
          <arg name="script">
                    com.opensymphony.workflow.DescriptorQuirksTestCase test = transientVars.get("test");
                    test.counter++;
            <!--
            test.counter++
            -->
                    test.counter++;
          </arg>
        </function>
      </pre-functions>
      <results>
        <unconditional-result old-status="Finished" status="Underway" step="1" owner="${caller}"/>
      </results>
    </action>
  </initial-actions>
  <steps>
    <step id="1" name="First Step">
      <actions>
        <action id="2" name="The first action">
          <results>
            <unconditional-result old-status="Finished" status="Finished" step="1"/>
          </results>
        </action>
      </actions>
    </step>
  </steps>
</workflow>

