<?xml version="1.0" encoding="UTF-8"?>
<!DOCTYPE workflow PUBLIC "-//OpenSymphony Group//DTD OSWorkflow 2.6//EN" "http://www.opensymphony.com/osworkflow/workflow_2_6.dtd">
<workflow>
  <trigger-functions>
    <trigger-function id="10">
      <function type="beanshell">
        <arg name="script">
          propertySet.setString("testTrigger", "blahblah");
        </arg>
      </function>
    </trigger-function>
  </trigger-functions>
  <initial-actions>
    <action id="1" name="Start Workflow">
      <pre-functions>
        <function type="class">
          <arg name="class.name">com.opensymphony.workflow.util.ScheduleJob</arg>
          <arg name="jobName">Scheduler Test</arg>
          <arg name="triggerName">SchedulerTestTrigger</arg>
          <arg name="triggerId">10</arg>
          <arg name="schedulerStart">true</arg>
          <arg name="local">true</arg>
        </function>
      </pre-functions>
      <results>
        <unconditional-result old-status="Finished" status="Underway" step="1" owner="${caller}"/>
      </results>
    </action>
  </initial-actions>
  <steps>
    <step id="1" name="First Step">
      <actions>
        <action id="2" name="The first action">
          <results>
            <unconditional-result old-status="Finished" status="Finished" step="1"/>
          </results>
        </action>
      </actions>
    </step>
  </steps>
</workflow>

