<?xml version="1.0" encoding="UTF-8"?>
<!DOCTYPE workflow PUBLIC "-//OpenSymphony Group//DTD OSWorkflow 2.7//EN" "http://www.opensymphony.com/osworkflow/workflow_2_7.dtd">
<workflow>
  <initial-actions>
    <action id="1" name="Start Workflow">
      <results>
        <unconditional-result old-status="Finished" status="Underway" step="1" owner="crazybob"/>
      </results>
    </action>
  </initial-actions>
  <steps>
    <step id="1" name="First Step">
      <pre-functions>
        <function type="beanshell" name="bsh.function">
          <arg name="script">propertySet.setString("prekey", "prevalue")</arg>
        </function>
      </pre-functions>
    </step>
  </steps>
</workflow>

